WKT,Business Name,Business Type,Corridor,Latitude,Longitude,Google Maps Link,Industrial Sector
"POINT (77.2699326 11.0092963)",TEAM YOUNG INDIANS AUTO INDUSTRIES,Auto parts store,Sulur – Palladam Industrial Corridor,11.0092963,77.2699326,https://www.google.com/maps/place/TEAM+YOUNG+INDIANS+AUTO+INDUSTRIES/data=!4m7!3m6!1s0x3ba9a946a7a10b73:0x90f4af883ac2a1da!8m2!3d11.0092963!4d77.2699326!16s%2Fg%2F11g231g291!19sChIJcwuhp0apqTsR2qHCOoiv9JA?authuser=0&hl=en&rclk=1,Auto / Auto Components
"POINT (77.1865598 11.01553)",Automotive Enhancement,Auto parts store,Sulur – Palladam Industrial Corridor,11.01553,77.1865598,https://www.google.com/maps/place/Automotive+Enhancement/data=!4m7!3m6!1s0x3ba854d740efda1f:0x468760bd816ce1d!8m2!3d11.01553!4d77.1865598!16s%2Fg%2F11ckw28lb9!19sChIJH9rvQNdUqDsRHc4W2At2aAQ?authuser=0&hl=en&rclk=1,Auto / Auto Components
"POINT (77.1877375 11.0153769)",Sri Lakshmi tyres & retreading company,Tire shop,Sulur – Palladam Industrial Corridor,11.0153769,77.1877375,https://www.google.com/maps/place/Sri+Lakshmi+tyres+%26+retreading+company/data=!4m7!3m6!1s0x3ba85544c04f7ed5:0xf1120afdd032469a!8m2!3d11.0153769!4d77.1877375!16s%2Fg%2F11w7cdx_7t!19sChIJ1X5PwERVqDsRmkYy0P0KEvE?authuser=0&hl=en&rclk=1,Auto / Auto Components
"POINT (77.1446704 10.9910572)",Axto Accessories - OLA EV Accessories Store in Coimbatore,Manufacturer,Sulur – Palladam Industrial Corridor,10.9910572,77.1446704,https://www.google.com/maps/place/Axto+Accessories+-+OLA+EV+Accessories+Store+in+Coimbatore/data=!4m7!3m6!1s0x3ba855000159c0bf:0xac30c0eb3e50bccf!8m2!3d10.9910572!4d77.1446704!16s%2Fg%2F11x7crbgtc!19sChIJv8BZAQBVqDsRz7xQPuvAMKw?authuser=0&hl=en&rclk=1,Industrial Manufacturing
"POINT (77.0824794 10.9980116)",NEXTLY CAR CARE EQUIPMENTS AND CHEMICALS,Manufacturer,Sulur – Palladam Industrial Corridor,10.9980116,77.0824794,https://www.google.com/maps/place/NEXTLY+CAR+CARE+EQUIPMENTS+AND+CHEMICALS/data=!4m7!3m6!1s0x3ba8578ab62dcdd5:0xa6649199c72e66bd!8m2!3d10.9980116!4d77.0824794!16s%2Fg%2F11rz2cp94l!19sChIJ1c0ttopXqDsRvWYux5mRZKY?authuser=0&hl=en&rclk=1,Industrial Manufacturing
"POINT (77.2240808 11.0024369)",Mohan breeding farm,Poultry farm,Sulur – Palladam Industrial Corridor,11.0024369,77.2240808,https://www.google.com/maps/place/Mohan+breeding+farm/data=!4m7!3m6!1s0x3ba9ab6ca5cc5feb:0xf974a726134b9473!8m2!3d11.0024369!4d77.2240808!16s%2Fg%2F11cs6gt17g!19sChIJ61_MpWyrqTsRc5RLEyandPk?authuser=0&hl=en&rclk=1,Food Processing / Agro
"POINT (77.2925372 10.9953935)",AGM Auto consulting,Motorcycle shop,Sulur – Palladam Industrial Corridor,10.9953935,77.2925372,https://www.google.com/maps/place/AGM+Auto+consulting/data=!4m7!3m6!1s0x3ba9a908589501c7:0xc390a6058883b108!8m2!3d10.9953935!4d77.2925372!16s%2Fg%2F11kfw81nnb!19sChIJxwGVWAipqTsRCLGDiAWmkMM?authuser=0&hl=en&rclk=1,Auto / Auto Components
"POINT (77.1444548 11.0311099)",Propel Industries Private Limited,Manufacturer,Sulur – Palladam Industrial Corridor,11.0311099,77.1444548,https://www.google.com/maps/place/Propel+Industries+Private+Limited/data=!4m7!3m6!1s0x3ba8567978625d93:0x1e1cd09805fb281a!8m2!3d11.0311099!4d77.1444548!16s%2Fg%2F11b60rrs4f!19sChIJk11ieHlWqDsRGij7BZjQHB4?authuser=0&hl=en&rclk=1,Industrial Manufacturing
"POINT (77.2793225 11.0012905)",THIRUKUMARAN AUTO CONSULTING,Wholesaler,Sulur – Palladam Industrial Corridor,11.0012905,77.2793225,https://www.google.com/maps/place/THIRUKUMARAN+AUTO+CONSULTING/data=!4m7!3m6!1s0x3ba9ab0051e1f4f3:0xb3aafc8248af4d60!8m2!3d11.0012905!4d77.2793225!16s%2Fg%2F11wx8l97vd!19sChIJ8_ThUQCrqTsRYE2vSIL8qrM?authuser=0&hl=en&rclk=1,Retail / Non-industrial
"POINT (77.2787796 10.9808867)",SRI VANITHA AUTO CONSULTING,Consultant,Sulur – Palladam Industrial Corridor,10.9808867,77.2787796,https://www.google.com/maps/place/SRI+VANITHA+AUTO+CONSULTING/data=!4m7!3m6!1s0x3ba9ad00213b509b:0x923b947e028324cf!8m2!3d10.9808867!4d77.2787796!16s%2Fg%2F11y2mct2rf!19sChIJm1A7IQCtqTsRzySDAn6UO5I?authuser=0&hl=en&rclk=1,Retail / Non-industrial
"POINT (77.1398528 11.0273458)",SHARADHA KRUPA COLD STORAGE,Warehouse,Sulur – Palladam Industrial Corridor,11.0273458,77.1398528,https://www.google.com/maps/place/SHARADHA+KRUPA+COLD+STORAGE/data=!4m7!3m6!1s0x3ba8550075244e5b:0xeade5f540f3dfbcf!8m2!3d11.0273458!4d77.1398528!16s%2Fg%2F11n3n0xt60!19sChIJW04kdQBVqDsRz_s9D1Rf3uo?authuser=0&hl=en&rclk=1,Warehousing / Storage
"POINT (77.1399194 11.0268388)",Tnsamb Agri cold storage,Cold storage facility,Sulur – Palladam Industrial Corridor,11.0268388,77.1399194,https://www.google.com/maps/place/Tnsamb+Agri+cold+storage/data=!4m7!3m6!1s0x3ba855f30efb4f81:0x1b54f4785c6bbde1!8m2!3d11.0268388!4d77.1399194!16s%2Fg%2F11h4c9vn68!19sChIJgU_7DvNVqDsR4b1rXHj0VBs?authuser=0&hl=en&rclk=1,Warehousing / Storage
"POINT (77.1297771 11.0272524)",Sri Surabhi Cold Press Oil,Store,Sulur – Palladam Industrial Corridor,11.0272524,77.1297771,https://www.google.com/maps/place/Sri+Surabhi+Cold+Press+Oil/data=!4m7!3m6!1s0x3ba855c928931863:0xbd9fd8db4bd3185!8m2!3d11.0272524!4d77.1297771!16s%2Fg%2F11rf05flfr!19sChIJYxiTKMlVqDsRhTG9tI392Qs?authuser=0&hl=en&rclk=1,Retail / Non-industrial
"POINT (77.2334426 10.9764407)",Coldman India Pvt Ltd, Coimbatore,Warehouse store,Sulur – Palladam Industrial Corridor,10.9764407,77.2334426,https://www.google.com/maps/place/Coldman+India+Pvt+Ltd,+Coimbatore/data=!4m7!3m6!1s0x3ba9adcbf9d9e581:0x69df5ffa361c3444!8m2!3d10.9764407!4d77.2334426!16s%2Fg%2F11rz9btcyc!19sChIJgeXZ-cutqTsRRDQcNvpf32k?authuser=0&hl=en&rclk=1,Warehousing / Storage
"POINT (77.1557599 11.0274536)",kings bakes,General store,Sulur – Palladam Industrial Corridor,11.0274536,77.1557599,https://www.google.com/maps/place/kings+bakes/data=!4m7!3m6!1s0x3ba85592f64b7d53:0x43c8771d6f88ba25!8m2!3d11.0274536!4d77.1557599!16s%2Fg%2F11fpp5q0hv!19sChIJU31L9pJVqDsRJbqIbx13yEM?authuser=0&hl=en&rclk=1,Retail / Non-industrial
"POINT (77.1434281 11.026878)",Jeyam electro tech,Electronics Company,Sulur – Palladam Industrial Corridor,11.026878,77.1434281,https://www.google.com/maps/place/Jeyam+electro+tech/data=!4m7!3m6!1s0x3ba85516c32cf1af:0x761f9c4f071eebce!8m2!3d11.026878!4d77.1434281!16s%2Fg%2F11h_trk9sf!19sChIJr_EswxZVqDsRzuseB0-cH3Y?authuser=0&hl=en&rclk=1,Electronics Manufacturing
"POINT (77.100861 11.0098382)",Essr electronic jacquard manufacturing company,Manufacturer,Sulur – Palladam Industrial Corridor,11.0098382,77.100861,https://www.google.com/maps/place/Essr+electronic+jacquard+manufacturing+company/data=!4m7!3m6!1s0x3ba857b356100cbf:0xb9ad24db2a6af733!8m2!3d11.0098382!4d77.100861!16s%2Fg%2F11rvctg4fd!19sChIJvwwQVrNXqDsRM_dqKtskrbk?authuser=0&hl=en&rclk=1,Industrial Manufacturing
"POINT (77.1214132 11.0252266)",RAMPRIYA ENTERPRISES,Electronic parts supplier,Sulur – Palladam Industrial Corridor,11.0252266,77.1214132,https://www.google.com/maps/place/RAMPRIYA+ENTERPRISES/data=!4m7!3m6!1s0x3ba8556ace1641eb:0x688c0e57176c1dd4!8m2!3d11.0252266!4d77.1214132!16s%2Fg%2F11j9j_q5_h!19sChIJ60EWzmpVqDsR1B1sF1cOjGg?authuser=0&hl=en&rclk=1,Electronics Manufacturing
"POINT (77.083397 11.0095041)",MACSOFT ELECTRONIC CONTROLS (I) PVT LTD,Electronics manufacturer,Sulur – Palladam Industrial Corridor,11.0095041,77.083397,https://www.google.com/maps/place/MACSOFT+ELECTRONIC+CONTROLS+%28I%29+PVT+LTD/data=!4m7!3m6!1s0x3ba8570ab596015b:0xa46c85407822f4c3!8m2!3d11.0095041!4d77.083397!16s%2Fg%2F11csb15pnj!19sChIJWwGWtQpXqDsRw_QieECFbKQ?authuser=0&hl=en&rclk=1,Electronics Manufacturing
"POINT (77.2541981 10.9917806)",V.G. Works's,Electronics manufacturer,Sulur – Palladam Industrial Corridor,10.9917806,77.2541981,https://www.google.com/maps/place/V.G.+Works%27s/data=!4m7!3m6!1s0x3ba9ab88c1c1f82d:0x5b330740ad342095!8m2!3d10.9917806!4d77.2541981!16s%2Fg%2F11c1vkbs4t!19sChIJLfjBwYirqTsRlSA0rUAHM1s?authuser=0&hl=en&rclk=1,Electronics Manufacturing
"POINT (77.2825393 10.9862884)",Annai Electricals and Hardwares | Plumbing | Electricals | Hardware and Tools Shop | Affordable Price(அன்னை ஹார்டுவேர்ஸ்),Hardware store,Sulur – Palladam Industrial Corridor,10.9862884,77.2825393,https://www.google.com/maps/place/Annai+Electricals+and+Hardwares+%7C+Plumbing+%7C+Electricals+%7C+Hardware+and+Tools+Shop+%7C+Affordable+Price%28%E0%AE%85%E0%AE%A9%E0%AF%8D%E0%AE%A9%E0%AF%88+%E0%AE%B9%E0%AE%BE%E0%AE%B0%E0%AF%8D%E0%AE%9F%E0%AF%81%E0%AE%B5%E0%AF%87%E0%AE%B0%E0%AF%8D%E0%AE%B8%E0%AF%8D%29/data=!4m7!3m6!1s0x3ba9abd7e5d2a3f3:0x6db6bd6a2d22d969!8m2!3d10.9862884!4d77.2825393!16s%2Fg%2F11ljsfxg8p!19sChIJ86PS5derqTsRadkiLWq9tm0?authuser=0&hl=en&rclk=1,Retail / Non-industrial
"POINT (77.1797142 11.0209519)",Kaaliha engineering,Machine workshop,Sulur – Palladam Industrial Corridor,11.0209519,77.1797142,https://www.google.com/maps/place/Kaaliha+engineering/data=!4m7!3m6!1s0x3ba855da18d931d3:0x48d56c3b8c24beb5!8m2!3d11.0209519!4d77.1797142!16s%2Fg%2F11n0wxc2qb!19sChIJ0zHZGNpVqDsRtb4kjDts1Ug?authuser=0&hl=en&rclk=1,Industrial Manufacturing
"POINT (77.2683061 10.9945488)",Valiant Textile Solution,Sewing machine store,Sulur – Palladam Industrial Corridor,10.9945488,77.2683061,https://www.google.com/maps/place/Valiant+Textile+Solution/data=!4m7!3m6!1s0x3ba9ab14044bae6b:0x1685cba826030a83!8m2!3d10.9945488!4d77.2683061!16s%2Fg%2F11j23pd1zg!19sChIJa65LBBSrqTsRgwoDJqjLhRY?authuser=0&hl=en&rclk=1,Industrial Manufacturing
"POINT (77.2150828 10.9681959)",sulfiq engineers,Mechanical engineer,Sulur – Palladam Industrial Corridor,10.9681959,77.2150828,https://www.google.com/maps/place/sulfiq+engineers/data=!4m7!3m6!1s0x3ba9ad80e121bc69:0x61be76b31f3bf97e!8m2!3d10.9681959!4d77.2150828!16s%2Fg%2F11jk2q42tf!19sChIJabwh4YCtqTsRfvk7H7N2vmE?authuser=0&hl=en&rclk=1,Industrial Manufacturing
"POINT (77.1157565 11.0235782)",Sivasakthi Foods,Food Processing Company,Sulur – Palladam Industrial Corridor,11.0235782,77.1157565,https://www.google.com/maps/place/Sivasakthi+Foods/data=!4m7!3m6!1s0x3ba855cd0ce721e1:0xc945c5d79daf1b6f!8m2!3d11.0235782!4d77.1157565!16s%2Fg%2F1ptw0rdv4!19sChIJ4SHnDM1VqDsRbxuvndfFRck?authuser=0&hl=en&rclk=1,Food Processing / Agro
"POINT (77.167626 11.0360756)",Genuine Foods and Equipments,Food processing equipment,Sulur – Palladam Industrial Corridor,11.0360756,77.167626,https://www.google.com/maps/place/Genuine+Foods+and+Equipments/data=!4m7!3m6!1s0x221ceb7e01766c69:0xe5efd601b438f3c9!8m2!3d11.0360756!4d77.167626!16s%2Fg%2F11w_cth_3y!19sChIJaWx2AX7rHCIRyfM4tAHW7-U?authuser=0&hl=en&rclk=1,Food Processing / Agro
"POINT (77.1664211 10.965162)",Avalon Cosmetics Pvt Ltd,Food Processing Company,Sulur – Palladam Industrial Corridor,10.965162,77.1664211,https://www.google.com/maps/place/Avalon+Cosmetics+Pvt+Ltd/data=!4m7!3m6!1s0x3ba85368cfbc04cd:0x787391525fa37cf9!8m2!3d10.965162!4d77.1664211!16s%2Fg%2F1pp2vj65b!19sChIJzQS8z2hTqDsR-XyjX1KRc3g?authuser=0&hl=en&rclk=1,Food Processing / Agro
"POINT (77.2134178 11.0037376)",Fluid Jet Technologies,Manufacturer,Sulur – Palladam Industrial Corridor,11.0037376,77.2134178,https://www.google.com/maps/place/Fluid+Jet+Technologies/data=!4m7!3m6!1s0x3ba9ab00487eabb9:0x738c21ff429a0986!8m2!3d11.0037376!4d77.2134178!16s%2Fg%2F11xs8bz86d!19sChIJuat-SACrqTsRhgmaQv8hjHM?authuser=0&hl=en&rclk=1,Industrial Manufacturing
"POINT (77.1961413 10.9547462)",Sirusti Traders,Food Processing Company,Sulur – Palladam Industrial Corridor,10.9547462,77.1961413,https://www.google.com/maps/place/Sirusti+Traders/data=!4m7!3m6!1s0x3ba9ad47db7dba0b:0x308fefab69d13828!8m2!3d10.9547462!4d77.1961413!16s%2Fg%2F11l2llk6wc!19sChIJC7p920etqTsRKDjRaavvjzA?authuser=0&hl=en&rclk=1,Food Processing / Agro
"POINT (77.2783563 10.9595307)",Sivasakthi poultry services,Poultry farm,Sulur – Palladam Industrial Corridor,10.9595307,77.2783563,https://www.google.com/maps/place/Sivasakthi+poultry+services/data=!4m7!3m6!1s0x3ba9ac22670edf9b:0x109e5952c64d3d58!8m2!3d10.9595307!4d77.2783563!16s%2Fg%2F11cs6bqdnm!19sChIJm98OZyKsqTsRWD1NxlJZnhA?authuser=0&hl=en&rclk=1,Food Processing / Agro
"POINT (77.1961011 11.0123954)",Germen Bakery,Bakery and Cake Shop,Sulur – Palladam Industrial Corridor,11.0123954,77.1961011,https://www.google.com/maps/place/Germen+Bakery/data=!4m7!3m6!1s0x3ba9ab7a7f2479cf:0xb9ddb255713e4e49!8m2!3d11.0123954!4d77.1961011!16s%2Fg%2F11j7k8ss65!19sChIJz3kkf3qrqTsRSU4-cVWy3bk?authuser=0&hl=en&rclk=1,Food Processing / Agro
"POINT (77.1962447 10.9662927)",ABT Dairy Plant,Dairy store,Sulur – Palladam Industrial Corridor,10.9662927,77.1962447,https://www.google.com/maps/place/ABT+Dairy+Plant/data=!4m7!3m6!1s0x3ba9acb2e61906c5:0x3f63798814367211!8m2!3d10.9662927!4d77.1962447!16s%2Fg%2F12hlwwlm5!19sChIJxQYZ5rKsqTsREXI2FIh5Yz8?authuser=0&hl=en&rclk=1,Food Processing / Agro
"POINT (77.285175 10.9955659)",Kutty wholesale seafoods,Seafood wholesaler,Sulur – Palladam Industrial Corridor,10.9955659,77.285175,https://www.google.com/maps/place/Kutty+wholesale+seafoods/data=!4m7!3m6!1s0x3ba9a91a586f6f45:0x8e7b25b7f36e3d76!8m2!3d10.9955659!4d77.285175!16s%2Fg%2F11vyyrr1sj!19sChIJRW9vWBqpqTsRdj1u87cle44?authuser=0&hl=en&rclk=1,Food Processing / Agro
"POINT (77.2747165 10.9979472)",Shanthi Fortune (India) Pvt Ltd.,Poultry farm,Sulur – Palladam Industrial Corridor,10.9979472,77.2747165,https://www.google.com/maps/place/Shanthi+Fortune+%28India%29+Pvt+Ltd./data=!4m7!3m6!1s0x3ba9abef60eae189:0x837a55ce72d5610!8m2!3d10.9979472!4d77.2747165!16s%2Fg%2F11fy4npn15!19sChIJieHqYO-rqTsREFYt51ylNwg?authuser=0&hl=en&rclk=1,Food Processing / Agro
"POINT (77.2285423 10.98688)",Life Care Logistic Pvt Ltd, Coimbatore,Warehouse,Sulur – Palladam Industrial Corridor,10.98688,77.2285423,https://www.google.com/maps/place/Life+Care+Logistic+Pvt+Ltd,+Coimbatore/data=!4m7!3m6!1s0x3ba9ab64aef6bf53:0xd54109a2ca2361bb!8m2!3d10.98688!4d77.2285423!16s%2Fg%2F11f4ndxw0p!19sChIJU7_2rmSrqTsRu2EjyqIJQdU?authuser=0&hl=en&rclk=1,Warehousing / Storage
"POINT (77.2349663 10.9761498)",Reliance Retail logistics,Warehouse,Sulur – Palladam Industrial Corridor,10.9761498,77.2349663,https://www.google.com/maps/place/Reliance+Retail+logistics/data=!4m7!3m6!1s0x3ba9ad3042f0da23:0xc4410354539ca43f!8m2!3d10.9761498!4d77.2349663!16s%2Fg%2F11n8llzwmk!19sChIJI9rwQjCtqTsRP6ScU1QDQcQ?authuser=0&hl=en&rclk=1,Warehousing / Storage
"POINT (77.1209086 10.9586629)",IndoSpace SKLL Logistics Park Coimbatore,Warehouse,Sulur – Palladam Industrial Corridor,10.9586629,77.1209086,https://www.google.com/maps/place/IndoSpace+SKLL+Logistics+Park+Coimbatore/data=!4m7!3m6!1s0x3ba8533c72cec13b:0x17bc0eba6029f4b9!8m2!3d10.9586629!4d77.1209086!16s%2Fg%2F11mvnlh7v3!19sChIJO8HOcjxTqDsRufQpYLoOvBc?authuser=0&hl=en&rclk=1,Warehousing / Storage
"POINT (77.184165 10.958603)",Raaj Warehousing & Logistic Park RW003,RW004,Warehouse,Sulur – Palladam Industrial Corridor,10.958603,77.184165,https://www.google.com/maps/place/Raaj+Warehousing+%26+Logistic+Park+RW003,RW004/data=!4m7!3m6!1s0x3ba853afe2da6621:0xc68980d0feec1d5f!8m2!3d10.958603!4d77.184165!16s%2Fg%2F11kk7k45gq!19sChIJIWba4q9TqDsRXx3s_tCAicY?authuser=0&hl=en&rclk=1,Warehousing / Storage
"POINT (77.2092932 11.007394)",RANGARAJ TRANSPORT,Transportation service,Sulur – Palladam Industrial Corridor,11.007394,77.2092932,https://www.google.com/maps/place/RANGARAJ+TRANSPORT/data=!4m7!3m6!1s0x3ba9abea5921f881:0xc1dc1dc760a04edf!8m2!3d11.007394!4d77.2092932!16s%2Fg%2F11sn_6lbjx!19sChIJgfghWeqrqTsR306gYMcd3ME?authuser=0&hl=en&rclk=1,Logistics / Transportation
"POINT (77.1848873 11.0168838)",Sri Amman Transport,Transportation service,Sulur – Palladam Industrial Corridor,11.0168838,77.1848873,https://www.google.com/maps/place/Sri+Amman+Transport/data=!4m7!3m6!1s0x3ba855000796674d:0xbec92a77c7a4efed!8m2!3d11.0168838!4d77.1848873!16s%2Fg%2F11ypll3kdf!19sChIJTWeWBwBVqDsR7e-kx3cqyb4?authuser=0&hl=en&rclk=1,Logistics / Transportation
"POINT (77.1856549 11.0228228)",SRI RAHUL TRANSPORT,Transportation service,Sulur – Palladam Industrial Corridor,11.0228228,77.1856549,https://www.google.com/maps/place/SRI+RAHUL+TRANSPORT/data=!4m7!3m6!1s0x3ba855007cce2ce5:0x1c92ae2658de219c!8m2!3d11.0228228!4d77.1856549!16s%2Fg%2F11yv64f0gb!19sChIJ5SzOfABVqDsRnCHeWCaukhw?authuser=0&hl=en&rclk=1,Logistics / Transportation
"POINT (77.1650183 11.0366206)",Dheeran Transport,Transportation service,Sulur – Palladam Industrial Corridor,11.0366206,77.1650183,https://www.google.com/maps/place/Dheeran+Transport/data=!4m7!3m6!1s0x3ba85542bef7acab:0xd2554d2c21791241!8m2!3d11.0366206!4d77.1650183!16s%2Fg%2F11n8w9200l!19sChIJq6z3vkJVqDsRQRJ5ISxNVdI?authuser=0&hl=en&rclk=1,Logistics / Transportation
"POINT (77.1796464 11.0195576)",Elamayil transport,Transportation service,Sulur – Palladam Industrial Corridor,11.0195576,77.1796464,https://www.google.com/maps/place/Elamayil+transport/data=!4m7!3m6!1s0x3ba855001c52912f:0x998744c573895531!8m2!3d11.0195576!4d77.1796464!16s%2Fg%2F11zhxp6d3p!19sChIJL5FSHABVqDsRMVWJc8VEh5k?authuser=0&hl=en&rclk=1,Logistics / Transportation
"POINT (77.121621 10.962064)",V.S.M.C LOGISTICS PARK,Warehouse,Sulur – Palladam Industrial Corridor,10.962064,77.121621,https://www.google.com/maps/place/V.S.M.C+LOGISTICS+PARK/data=!4m7!3m6!1s0x3ba853599bdb44c5:0x6182a5eeea20d619!8m2!3d10.962064!4d77.121621!16s%2Fg%2F11qs8ttl83!19sChIJxUTbm1lTqDsRGdYg6u6lgmE?authuser=0&hl=en&rclk=1,Warehousing / Storage
"POINT (77.1800078 10.983957)",(SKT) Sri Krishna Transport and Building Materials Suppliers,Transportation service,Sulur – Palladam Industrial Corridor,10.983957,77.1800078,https://www.google.com/maps/place/%28SKT%29+Sri+Krishna+Transport+and+Building+Materials+Suppliers/data=!4m7!3m6!1s0x3ba855d3790fc6e1:0x39e2a46e286bd189!8m2!3d10.983957!4d77.1800078!16s%2Fg%2F11tjl6b3_5!19sChIJ4cYPedNVqDsRidFrKG6k4jk?authuser=0&hl=en&rclk=1,Logistics / Transportation
"POINT (77.2067998 11.0078946)",SRI MANJUNATHA TRANSPORT,Transportation service,Sulur – Palladam Industrial Corridor,11.0078946,77.2067998,https://www.google.com/maps/place/SRI+MANJUNATHA+TRANSPORT/data=!4m7!3m6!1s0x3ba9abee035ff949:0xa0ca7fed7d47429a!8m2!3d11.0078946!4d77.2067998!16s%2Fg%2F11s8vk7t8y!19sChIJSflfA-6rqTsRmkJHfe1_yqA?authuser=0&hl=en&rclk=1,Logistics / Transportation
"POINT (77.2768912 10.9982726)",Chenthan Green Power Services Private limited,Wind farm,Sulur – Palladam Industrial Corridor,10.9982726,77.2768912,https://www.google.com/maps/place/Chenthan+Green+Power+Services+Private+limited/data=!4m7!3m6!1s0x3ba9ab00208bfa4f:0x76299f4e837512e0!8m2!3d10.9982726!4d77.2768912!16s%2Fg%2F11vwk3cfkb!19sChIJT_qLIACrqTsR4BJ1g06fKXY?authuser=0&hl=en&rclk=1,Renewable Energy
"POINT (77.1689246 10.9455981)",SN SUN POWER INDIA PVT LTD,Solar Energy Company,Sulur – Palladam Industrial Corridor,10.9455981,77.1689246,https://www.google.com/maps/place/SN+SUN+POWER+INDIA+PVT+LTD/data=!4m7!3m6!1s0x3ba85327df7a1cd1:0xd17fb791f39a13a7!8m2!3d10.9455981!4d77.1689246!16s%2Fg%2F11j34fn7bn!19sChIJ0Rx63ydTqDsRpxOa85G3f9E?authuser=0&hl=en&rclk=1,Renewable Energy
"POINT (77.1870745 10.8639687)",Mekeran Energy & Infra Pvt Ltd,Solar Energy Company,Sulur – Palladam Industrial Corridor,10.8639687,77.1870745,https://www.google.com/maps/place/Mekeran+Energy+%26+Infra+Pvt+Ltd/data=!4m7!3m6!1s0x3ba84d005fe0d261:0x67f1a4f62183170e!8m2!3d10.8639687!4d77.1870745!16s%2Fg%2F11vxxx2x10!19sChIJYdLgXwBNqDsRDheDIfak8Wc?authuser=0&hl=en&rclk=1,Renewable Energy
"POINT (77.1683781 11.0388439)",Sunloop Energy,Solar Energy Company,Sulur – Palladam Industrial Corridor,11.0388439,77.1683781,https://www.google.com/maps/place/Sunloop+Energy/data=!4m7!3m6!1s0x3ba858313563d595:0x9e7d3d64cbd446c7!8m2!3d11.0388439!4d77.1683781!16s%2Fg%2F11bzt7gldv!19sChIJldVjNTFYqDsRx0bUy2Q9fZ4?authuser=0&hl=en&rclk=1,Renewable Energy
"POINT (77.1824585 11.0135169)",K.P.Textiles Private Limited,Fabric product manufacturer,Sulur – Palladam Industrial Corridor,11.0135169,77.1824585,https://www.google.com/maps/place/K.P.Textiles+Private+Limited/data=!4m7!3m6!1s0x3ba854da97b3abbf:0xc12456ebf85e19cb!8m2!3d11.0135169!4d77.1824585!16s%2Fg%2F1tl7m4b0!19sChIJv6uzl9pUqDsRyxle-OtWJME?authuser=0&hl=en&rclk=1,Textile / Garments
"POINT (77.2883141 10.9941662)",MURUGAN TEXTILES,Textile mill,Sulur – Palladam Industrial Corridor,10.9941662,77.2883141,https://www.google.com/maps/place/MURUGAN+TEXTILES/data=!4m7!3m6!1s0x3ba9abe48e00df93:0xb3c0c90f29def5aa!8m2!3d10.9941662!4d77.2883141!16s%2Fg%2F11f_1tmb99!19sChIJk98AjuSrqTsRqvXeKQ_JwLM?authuser=0&hl=en&rclk=1,Textile / Garments
"POINT (77.2211152 10.9992171)",Lakshmi Mills Company Ltd - Palladam Unit,Cotton mill,Sulur – Palladam Industrial Corridor,10.9992171,77.2211152,https://www.google.com/maps/place/Lakshmi+Mills+Company+Ltd+-+Palladam+Unit/data=!4m7!3m6!1s0x3ba9ab6ba8ca7289:0x10d9927a9c69cee0!8m2!3d10.9992171!4d77.2211152!16s%2Fg%2F11xc78wv1!19sChIJiXLKqGurqTsR4M5pnHqS2RA?authuser=0&hl=en&rclk=1,Textile / Garments
"POINT (77.1871138 11.0056405)",Shiva Tex Yarn Limited,Textile mill,Sulur – Palladam Industrial Corridor,11.0056405,77.1871138,https://www.google.com/maps/place/Shiva+Tex+Yarn+Limited/data=!4m7!3m6!1s0x3ba854cbd86a9531:0xe262efeb2d1c69c5!8m2!3d11.0056405!4d77.1871138!16s%2Fg%2F11csq_9pdd!19sChIJMZVq2MtUqDsRxWkcLevvYuI?authuser=0&hl=en&rclk=1,Textile / Garments
"POINT (77.244557 11.003577)",KOB Medical Textiles Private Limited,Textiles,Sulur – Palladam Industrial Corridor,11.003577,77.244557,https://www.google.com/maps/place/KOB+Medical+Textiles+Private+Limited/data=!4m7!3m6!1s0x3ba8576a18ffffff:0x6aa93f759f02b416!8m2!3d11.003577!4d77.244557!16s%2Fg%2F1td4y8rf!19sChIJ____GGpXqDsRFrQCn3U_qWo?authuser=0&hl=en&rclk=1,Textile / Garments
"POINT (77.2496846 11.0103316)",Palladam HiTech weaving Park,Textile mill,Sulur – Palladam Industrial Corridor,11.0103316,77.2496846,https://www.google.com/maps/place/Palladam+HiTech+weaving+Park/data=!4m7!3m6!1s0x3ba9aba48616f3cb:0x3d435b9afbd87166!8m2!3d11.0103316!4d77.2496846!16s%2Fg%2F11h0gtlp4!19sChIJy_MWhqSrqTsRZnHY-5pbQz0?authuser=0&hl=en&rclk=1,Textile / Garments
"POINT (77.2374264 10.9912513)",Evergreen Textile,Textile mill,Sulur – Palladam Industrial Corridor,10.9912513,77.2374264,https://www.google.com/maps/place/Evergreen+Textile/data=!4m7!3m6!1s0x3ba9ab5aeaed5041:0x1c8947d23001f06b!8m2!3d10.9912513!4d77.2374264!16s%2Fg%2F11fjz_vtq_!19sChIJQVDt6lqrqTsRa_ABMNJHiRw?authuser=0&hl=en&rclk=1,Textile / Garments
"POINT (77.2779718 10.999191)",Iswarya knit fabs,Garment Exporter,Sulur – Palladam Industrial Corridor,10.999191,77.2779718,https://www.google.com/maps/place/Iswarya+knit+fabs/data=!4m7!3m6!1s0x3ba9ab02b53f3a6b:0x635ab16a946240b3!8m2!3d10.999191!4d77.2779718!16s%2Fg%2F11hdsqj0g5!19sChIJazo_tQKrqTsRs0BilGqxWmM?authuser=0&hl=en&rclk=1,Textile / Garments
"POINT (77.2564961 10.9988359)",Century Textile Chemicals,Corporate office,Sulur – Palladam Industrial Corridor,10.9988359,77.2564961,https://www.google.com/maps/place/Century+Textile+Chemicals/data=!4m7!3m6!1s0x3ba9abfcd6ccb31d:0x280511f8a3b51d8b!8m2!3d10.9988359!4d77.2564961!16s%2Fg%2F11s7z8hd9q!19sChIJHbPM1vyrqTsRix21o_gRBSg?authuser=0&hl=en&rclk=1,Retail / Non-industrial
"POINT (77.2691605 10.9940701)",Sai Kirubaa Textiles,Textile Exporter,Sulur – Palladam Industrial Corridor,10.9940701,77.2691605,https://www.google.com/maps/place/Sai+Kirubaa+Textiles/data=!4m7!3m6!1s0x3ba9abef7f5d3687:0x7142926e81137a91!8m2!3d10.9940701!4d77.2691605!16s%2Fg%2F1thp_4gf!19sChIJhzZdf--rqTsRkXoTgW6SQnE?authuser=0&hl=en&rclk=1,Textile / Garments
"POINT (77.300774 10.994987)",MANTHRAGIRI TEXTILES,Corporate office,Sulur – Palladam Industrial Corridor,10.994987,77.300774,https://www.google.com/maps/place/MANTHRAGIRI+TEXTILES/data=!4m7!3m6!1s0x3ba9a9457fe11ba5:0x93c10822127a8b49!8m2!3d10.994987!4d77.300774!16s%2Fg%2F11g6ygqbyx!19sChIJpRvhf0WpqTsRSYt6EiIIwZM?authuser=0&hl=en&rclk=1,Retail / Non-industrial
"POINT (77.2057054 11.0402595)",Ranganathar textiles kanal kadu,Clothing store,Sulur – Palladam Industrial Corridor,11.0402595,77.2057054,https://www.google.com/maps/place/Ranganathar+textiles+kanal+kadu/data=!4m7!3m6!1s0x3ba9aac5a9d9c68f:0x336f50ecec154ffb!8m2!3d11.0402595!4d77.2057054!16s%2Fg%2F11gdgxg1cz!19sChIJj8bZqcWqqTsR-08V7OxQbzM?authuser=0&hl=en&rclk=1,Textile / Garments
"POINT (77.285175 10.9955658)",Dorai Fashion Wear,Clothing store,Sulur – Palladam Industrial Corridor,10.9955658,77.285175,https://www.google.com/maps/place/Dorai+Fashion+Wear/data=!4m7!3m6!1s0x3ba9abe2bfb22199:0x15d85787ef00426f!8m2!3d10.9955658!4d77.285175!16s%2Fg%2F11fplgyfw_!19sChIJmSGyv-KrqTsRb0IA74dX2BU?authuser=0&hl=en&rclk=1,Textile / Garments
"POINT (77.2487227 11.0109446)",Concord Tex Polymers Pvt Ltd,Chemical wholesaler,Sulur – Palladam Industrial Corridor,11.0109446,77.2487227,https://www.google.com/maps/place/Concord+Tex+Polymers+Pvt+Ltd/data=!4m7!3m6!1s0x3ba9abe9dacf7695:0x577e411d6b8da59f!8m2!3d11.0109446!4d77.2487227!16s%2Fg%2F11h8br9zgq!19sChIJlXbP2umrqTsRn6WNax1Bflc?authuser=0&hl=en&rclk=1,Retail / Non-industrial
"POINT (77.2467505 11.0112222)",Theni Guru Krishna Textile Mills (P) Ltd,Garment Exporter,Sulur – Palladam Industrial Corridor,11.0112222,77.2467505,https://www.google.com/maps/place/Theni+Guru+Krishna+Textile+Mills+%28P%29+Ltd/data=!4m7!3m6!1s0x3ba9aba4ce5f1955:0xed21378b541455dd!8m2!3d11.0112222!4d77.2467505!16s%2Fg%2F11qqwp14b0!19sChIJVRlfzqSrqTsR3VUUVIs3Ie0?authuser=0&hl=en&rclk=1,Textile / Garments
"POINT (77.1250944 11.02303)",A1 GODOWN,Warehouse,Sulur – Palladam Industrial Corridor,11.02303,77.1250944,https://www.google.com/maps/place/A1+GODOWN/data=!4m7!3m6!1s0x3ba855045feaa3a5:0x759c9860ebc42963!8m2!3d11.02303!4d77.1250944!16s%2Fg%2F11kv_n3334!19sChIJpaPqXwRVqDsRYynE62CYnHU?authuser=0&hl=en&rclk=1,Warehousing / Storage
"POINT (77.1367941 11.0310658)",Delivery Sulur hub,Warehouse,Sulur – Palladam Industrial Corridor,11.0310658,77.1367941,https://www.google.com/maps/place/Delivery+Sulur+hub/data=!4m7!3m6!1s0x3ba8550070ed3697:0x554215d2ab5a3a63!8m2!3d11.0310658!4d77.1367941!16s%2Fg%2F11xl6ys_xl!19sChIJlzbtcABVqDsRYzpaq9IVQlU?authuser=0&hl=en&rclk=1,Warehousing / Storage
"POINT (77.129519 11.025906)",Bougenvilla,Warehouse,Sulur – Palladam Industrial Corridor,11.025906,77.129519,https://www.google.com/maps/place/Bougenvilla/data=!4m7!3m6!1s0x3ba85582c8e67b5b:0x6e5df5fb09154a47!8m2!3d11.025906!4d77.129519!16s%2Fg%2F11sx1yw80g!19sChIJW3vmyIJVqDsRR0oVCfv1XW4?authuser=0&hl=en&rclk=1,Warehousing / Storage
"POINT (77.2726188 10.9958851)",Sri vedha tex,Warehouse,Sulur – Palladam Industrial Corridor,10.9958851,77.2726188,https://www.google.com/maps/place/Sri+vedha+tex/data=!4m7!3m6!1s0x3ba9ab02989bc2d9:0xc809aec3ca0ee62e!8m2!3d10.9958851!4d77.2726188!16s%2Fg%2F11llbgflwf!19sChIJ2cKbmAKrqTsRLuYOysOuCcg?authuser=0&hl=en&rclk=1,Warehousing / Storage
"POINT (77.1281244 11.0285867)",Sulur sait,Warehouse,Sulur – Palladam Industrial Corridor,11.0285867,77.1281244,https://www.google.com/maps/place/Sulur+sait/data=!4m7!3m6!1s0x3ba855006edd1733:0xf435a684611e02b9!8m2!3d11.0285867!4d77.1281244!16s%2Fg%2F11mcksdp9l!19sChIJMxfdbgBVqDsRuQIeYYSmNfQ?authuser=0&hl=en&rclk=1,Warehousing / Storage
"POINT (77.1770753 11.022704)",PRIYA CEMENT GODOWN KARANAMPETTAI,Warehouse,Sulur – Palladam Industrial Corridor,11.022704,77.1770753,https://www.google.com/maps/place/PRIYA+CEMENT+GODOWN+KARANAMPETTAI/data=!4m7!3m6!1s0x3ba855007c08a29f:0x53bb347dcead5de4!8m2!3d11.022704!4d77.1770753!16s%2Fg%2F11vpvykyy7!19sChIJn6IIfABVqDsR5F2tzn00u1M?authuser=0&hl=en&rclk=1,Warehousing / Storage
"POINT (77.3000047 11.0010739)",LRM WAREHOUSE,Warehouse,Sulur – Palladam Industrial Corridor,11.0010739,77.3000047,https://www.google.com/maps/place/LRM+WAREHOUSE/data=!4m7!3m6!1s0x3ba9a94365711b83:0xf4d38bdbe1d5a168!8m2!3d11.0010739!4d77.3000047!16s%2Fg%2F11bttln02b!19sChIJgxtxZUOpqTsRaKHV4duL0_Q?authuser=0&hl=en&rclk=1,Warehousing / Storage
"POINT (77.2433013 10.9779864)",DARLING WAREHOUSE PALLADAM,Warehouse,Sulur – Palladam Industrial Corridor,10.9779864,77.2433013,https://www.google.com/maps/place/DARLING+WAREHOUSE+PALLADAM/data=!4m7!3m6!1s0x3ba9ad00086fd361:0x335e0fc218b7d207!8m2!3d10.9779864!4d77.2433013!16s%2Fg%2F11yp5yk5w3!19sChIJYdNvCACtqTsRB9K3GMIPXjM?authuser=0&hl=en&rclk=1,Warehousing / Storage
"POINT (77.1660933 11.0398722)",Swastika Warehouse,Warehouse,Sulur – Palladam Industrial Corridor,11.0398722,77.1660933,https://www.google.com/maps/place/Swastika+Warehouse/data=!4m7!3m6!1s0x3ba855001a4f0a71:0x891b5c1174ee007f!8m2!3d11.0398722!4d77.1660933!16s%2Fg%2F11y5gmygzv!19sChIJcQpPGgBVqDsRfwDudBFcG4k?authuser=0&hl=en&rclk=1,Warehousing / Storage
"POINT (77.1648185 10.9775836)",MOHITA Godown/warehouse,Warehouse,Sulur – Palladam Industrial Corridor,10.9775836,77.1648185,https://www.google.com/maps/place/MOHITA+Godown%2Fwarehouse/data=!4m7!3m6!1s0x3ba85300207df721:0x73e38cb4f1399a75!8m2!3d10.9775836!4d77.1648185!16s%2Fg%2F11yfbg7n1j!19sChIJIfd9IABTqDsRdZo58bSM43M?authuser=0&hl=en&rclk=1,Warehousing / Storage
"POINT (77.2347541 10.9763433)",Ajio warehouse,Warehouse,Sulur – Palladam Industrial Corridor,10.9763433,77.2347541,https://www.google.com/maps/place/Ajio+warehouse/data=!4m7!3m6!1s0x3ba9ad3c14614e15:0x8f1aedcef841f9a7!8m2!3d10.9763433!4d77.2347541!16s%2Fg%2F11r2gk8fg8!19sChIJFU5hFDytqTsRp_lB-M7tGo8?authuser=0&hl=en&rclk=1,Warehousing / Storage
"POINT (77.1359856 11.0053226)",SS Warehouse,Warehouse,Sulur – Palladam Industrial Corridor,11.0053226,77.1359856,https://www.google.com/maps/place/SS+Warehouse/data=!4m7!3m6!1s0x3ba85593845d9749:0xd529b184b61691e9!8m2!3d11.0053226!4d77.1359856!16s%2Fg%2F11tmzxq8yq!19sChIJSZddhJNVqDsR6ZEWtoSxKdU?authuser=0&hl=en&rclk=1,Warehousing / Storage
"POINT (77.2694327 11.0019077)",ABV TEX,Warehouse,Sulur – Palladam Industrial Corridor,11.0019077,77.2694327,https://www.google.com/maps/place/ABV+TEX/data=!4m7!3m6!1s0x3ba9ab000055ebad:0x99b49b6e09a6b97a!8m2!3d11.0019077!4d77.2694327!16s%2Fg%2F11z0n21917!19sChIJretVAACrqTsRermmCW6btJk?authuser=0&hl=en&rclk=1,Warehousing / Storage
"POINT (77.1880493 11.0394374)",Andreas Stihl PVT LTD Regional Warehouse[Coimbatore],Warehouse,Sulur – Palladam Industrial Corridor,11.0394374,77.1880493,https://www.google.com/maps/place/Andreas+Stihl+PVT+LTD+Regional+Warehouse%5BCoimbatore%5D/data=!4m7!3m6!1s0x3ba855001bb6d8af:0xa2c429ffb349f9f1!8m2!3d11.0394374!4d77.1880493!16s%2Fg%2F11wmtwly9z!19sChIJr9i2GwBVqDsR8flJs_8pxKI?authuser=0&hl=en&rclk=1,Warehousing / Storage
"POINT (77.2895375 10.994444)",S.k.m,Warehouse,Sulur – Palladam Industrial Corridor,10.994444,77.2895375,https://www.google.com/maps/place/S.k.m/data=!4m7!3m6!1s0x3ba9a9f8151596e5:0xf6543923fcb93beb!8m2!3d10.994444!4d77.2895375!16s%2Fg%2F11q9m7t6wt!19sChIJ5ZYVFfipqTsR6zu5_CM5VPY?authuser=0&hl=en&rclk=1,Warehousing / Storage
"POINT (77.1563854 10.9784654)",TMS Warehouse,Warehouse,Sulur – Palladam Industrial Corridor,10.9784654,77.1563854,https://www.google.com/maps/place/TMS+Warehouse/data=!4m7!3m6!1s0x3ba855963632d913:0xf188423445f006a9!8m2!3d10.9784654!4d77.1563854!16s%2Fg%2F11s_stmhy8!19sChIJE9kyNpZVqDsRqQbwRTRCiPE?authuser=0&hl=en&rclk=1,Warehousing / Storage
"POINT (77.238005 10.976767)",E-Star Foods Warehouse 1,Warehouse,Sulur – Palladam Industrial Corridor,10.976767,77.238005,https://www.google.com/maps/place/E-Star+Foods+Warehouse+1/data=!4m7!3m6!1s0x3ba9ad822b6c6a83:0xa434cbefc437e51a!8m2!3d10.976767!4d77.238005!16s%2Fg%2F11thjz3lcg!19sChIJg2psK4KtqTsRGuU3xO_LNKQ?authuser=0&hl=en&rclk=1,Warehousing / Storage
"POINT (77.2834784 11.002015)",Kathiravan hardwares godown,Warehouse,Sulur – Palladam Industrial Corridor,11.002015,77.2834784,https://www.google.com/maps/place/Kathiravan+hardwares+godown/data=!4m7!3m6!1s0x3ba9ab45bc55bd9d:0xe3473e7817c5aa12!8m2!3d11.002015!4d77.2834784!16s%2Fg%2F11hz31d1s2!19sChIJnb1VvEWrqTsREqrFF3g-R-M?authuser=0&hl=en&rclk=1,Warehousing / Storage
"POINT (77.2838546 10.9955386)",THE RAMCO CEMENTS LTD,Warehouse,Sulur – Palladam Industrial Corridor,10.9955386,77.2838546,https://www.google.com/maps/place/THE+RAMCO+CEMENTS+LTD/data=!4m7!3m6!1s0x3ba9abff0224957f:0x963b806433a7b74d!8m2!3d10.9955386!4d77.2838546!16s%2Fg%2F11p0z7srvv!19sChIJf5UkAv-rqTsRTbenM2SAO5Y?authuser=0&hl=en&rclk=1,Warehousing / Storage
"POINT (77.2645022 10.9999658)",Senthil Godown,Warehouse,Sulur – Palladam Industrial Corridor,10.9999658,77.2645022,https://www.google.com/maps/place/Senthil+Godown/data=!4m7!3m6!1s0x3ba9ab003b0cad5d:0xbe598c1f97893cad!8m2!3d10.9999658!4d77.2645022!16s%2Fg%2F11xrx663cs!19sChIJXa0MOwCrqTsRrTyJlx-MWb4?authuser=0&hl=en&rclk=1,Warehousing / Storage
"POINT (77.2048181 10.9707575)",SHIVA TEXYARN LIMITED-WAREHOUSE,Warehouse,Sulur – Palladam Industrial Corridor,10.9707575,77.2048181,https://www.google.com/maps/place/SHIVA+TEXYARN+LIMITED-WAREHOUSE/data=!4m7!3m6!1s0x3ba9ad002426f16f:0xdbc12521ed145de2!8m2!3d10.9707575!4d77.2048181!16s%2Fg%2F11vy_81k58!19sChIJb_EmJACtqTsR4l0U7SElwds?authuser=0&hl=en&rclk=1,Warehousing / Storage
"POINT (77.1702761 10.9638406)",PIDILITE Coimbatore warehouse LNP Logistic Park,Warehouse,Sulur – Palladam Industrial Corridor,10.9638406,77.1702761,https://www.google.com/maps/place/PIDILITE+Coimbatore+warehouse+LNP+Logistic+Park/data=!4m7!3m6!1s0x3ba853ed81277cf5:0xa471e49f9450290!8m2!3d10.9638406!4d77.1702761!16s%2Fg%2F11t1qchpsv!19sChIJ9Xwnge1TqDsRkAJF-UkeRwo?authuser=0&hl=en&rclk=1,Warehousing / Storage
"POINT (77.2326583 10.9748574)",Varun Beverages.Ltd PepsiCo's New Warehouse,Warehouse,Sulur – Palladam Industrial Corridor,10.9748574,77.2326583,https://www.google.com/maps/place/Varun+Beverages.Ltd+PepsiCo%27s+New+Warehouse/data=!4m7!3m6!1s0x3ba9ad1b6dbf2cd3:0xd7cbeac8d6f8502b!8m2!3d10.9748574!4d77.2326583!16s%2Fg%2F11qq07sqgx!19sChIJ0yy_bRutqTsRK1D41sjqy9c?authuser=0&hl=en&rclk=1,Warehousing / Storage
"POINT (77.2656681 10.9940877)",Sri Shayam Sulzer,Warehouse,Sulur – Palladam Industrial Corridor,10.9940877,77.2656681,https://www.google.com/maps/place/Sri+Shayam+Sulzer/data=!4m7!3m6!1s0x3ba9ab1e19621f1f:0xb864d4a08f948ae6!8m2!3d10.9940877!4d77.2656681!16s%2Fg%2F11scf5k5t1!19sChIJHx9iGR6rqTsR5oqUj6DUZLg?authuser=0&hl=en&rclk=1,Warehousing / Storage
"POINT (77.212101 10.975322)",KAVIN WAREHOUSE,Warehouse,Sulur – Palladam Industrial Corridor,10.975322,77.212101,https://www.google.com/maps/place/KAVIN+WAREHOUSE/data=!4m7!3m6!1s0x3ba9aca14dfbd1d5:0x15022fa4bc00ef98!8m2!3d10.975322!4d77.212101!16s%2Fg%2F11g6rnp8wz!19sChIJ1dH7TaGsqTsRmO8AvKQvAhU?authuser=0&hl=en&rclk=1,Warehousing / Storage
"POINT (77.2370437 10.9767923)",Bannari amman warehouse,Warehouse,Sulur – Palladam Industrial Corridor,10.9767923,77.2370437,https://www.google.com/maps/place/Bannari+amman+warehouse/data=!4m7!3m6!1s0x3ba9ade79e0c8f19:0xff3f680867d0e08e!8m2!3d10.9767923!4d77.2370437!16s%2Fg%2F11sndb983y!19sChIJGY8MnuetqTsRjuDQZwhoP_8?authuser=0&hl=en&rclk=1,Warehousing / Storage
"POINT (77.1888088 11.0140333)",VSN POLYMERS AND CHEMICALS COIMBATORE,Warehouse,Sulur – Palladam Industrial Corridor,11.0140333,77.1888088,https://www.google.com/maps/place/VSN+POLYMERS+AND+CHEMICALS+COIMBATORE/data=!4m7!3m6!1s0x3ba85519d1269893:0x61fe8fab45d2fdbb!8m2!3d11.0140333!4d77.1888088!16s%2Fg%2F11t165wknn!19sChIJk5gm0RlVqDsRu_3SRauP_mE?authuser=0&hl=en&rclk=1,Warehousing / Storage
"POINT (77.1976321 11.0108062)",DALMIA KARANAMPETTAI GUDOWN,Warehouse,Sulur – Palladam Industrial Corridor,11.0108062,77.1976321,https://www.google.com/maps/place/DALMIA+KARANAMPETTAI+GUDOWN/data=!4m7!3m6!1s0x3ba9ab0033861209:0x653a5b51158e928f!8m2!3d11.0108062!4d77.1976321!16s%2Fg%2F11yshjhzhj!19sChIJCRKGMwCrqTsRj5KOFVFbOmU?authuser=0&hl=en&rclk=1,Warehousing / Storage
"POINT (77.1697769 10.9463704)",Jupiter Kart Warehouse (Pollachi),Warehouse,Sulur – Palladam Industrial Corridor,10.9463704,77.1697769,https://www.google.com/maps/place/Jupiter+Kart+Warehouse+%28Pollachi%29/data=!4m7!3m6!1s0x3ba8370041e1efdf:0x1338f2c22931d3bc!8m2!3d10.9463704!4d77.1697769!16s%2Fg%2F11wtqskf2z!19sChIJ3-_hQQA3qDsRvNMxKcLyOBM?authuser=0&hl=en&rclk=1,Warehousing / Storage
"POINT (77.2117732 11.041062)",KM Trade Link Warehouse,Corporate office,Sulur – Palladam Industrial Corridor,11.041062,77.2117732,https://www.google.com/maps/place/KM+Trade+Link+Warehouse/data=!4m7!3m6!1s0x3ba9ab32b57f436d:0x7b3a6b9ce2b8ae84!8m2!3d11.041062!4d77.2117732!16s%2Fg%2F11fd0qt_1k!19sChIJbUN_tTKrqTsRhK644pxrOns?authuser=0&hl=en&rclk=1,Retail / Non-industrial
